Cluster,CustomerID,Gender,Age,Annual Income (k$),Spending Score (1-100)
0,16.0,0.5333333333333333,26.533333333333335,21.466666666666665,79.66666666666667
1,37.6,0.8,47.7,35.0,27.8
2,41.72727272727273,0.8181818181818182,25.09090909090909,36.63636363636363,67.54545454545455
3,9.857142857142858,0.5714285714285714,30.285714285714285,18.714285714285715,24.857142857142858
4,18.714285714285715,0.42857142857142855,57.285714285714285,23.428571428571427,12.0
